customer_id,customer_name,mobile_number,email,aadhar_last4,pan_last4,registered_address,wallet_balance,outstanding_dues,credit_score,account_status,loan_id,loan_amount,remaining_amount,monthly_emi,next_due_date,loan_status,last_recharge_amount,last_recharge_date,billing_cycle,current_bill_amount,payment_due_date,txn_count_30d,last_txn_date,complaint_id,complaint_status,complaint_created_date
C1000,User_1,9504038314,user1@example.com,9765,4720,City_11,1422.31,3544.18,318,suspended,,0.0,0.0,0.0,,,399,2025-09-07,25,1639.61,2025-11-28,6,2025-09-03,,,
C1001,User_2,9896834956,user2@example.com,6224,2695,City_48,1209.97,4410.87,628,suspended,,0.0,0.0,0.0,,,49,2025-10-19,14,589.48,2025-12-17,7,2025-08-31,,,
C1002,User_3,9302055323,user3@example.com,1409,0913,City_37,1592.48,2713.68,433,suspended,,0.0,0.0,0.0,,,149,2025-11-15,8,55.53,2025-12-18,1,2025-10-15,,,
C1003,User_4,9842683733,user4@example.com,3653,4317,City_27,638.04,982.29,716,suspended,,0.0,0.0,0.0,,,399,2025-11-13,20,1748.39,2025-12-05,8,2025-10-09,,,
C1004,User_5,9074959228,user5@example.com,1150,5979,City_29,963.04,4813.83,440,suspended,,0.0,0.0,0.0,,,49,2025-11-01,18,839.07,2025-12-07,6,2025-10-07,,,
C1005,User_6,9754188596,user6@example.com,3364,8795,City_1,307.08,555.23,532,suspended,L0794005e,20000.0,12082.79,2000.0,2025-12-12,active,399,2025-09-26,15,1825.11,2025-12-01,9,2025-11-15,,,
C1006,User_7,9016877981,user7@example.com,4956,3729,City_19,811.7,4329.03,471,closed,,0.0,0.0,0.0,,,149,2025-09-05,23,371.63,2025-12-02,14,2025-10-22,,,
C1007,User_8,9974463521,user8@example.com,8221,1830,City_17,256.07,1419.59,428,suspended,L6e9e3e5c,15000.0,8904.06,1250.0,2025-12-11,overdue,99,2025-11-15,3,532.08,2025-11-26,4,2025-11-04,,,
C1008,User_9,9708012423,user9@example.com,6064,3037,City_48,1677.34,2046.07,620,closed,,0.0,0.0,0.0,,,199,2025-09-30,2,1269.9,2025-11-19,3,2025-08-31,,,
C1009,User_10,9964203391,user10@example.com,9967,4129,City_24,948.21,1871.45,470,suspended,,0.0,0.0,0.0,,,199,2025-11-03,24,494.38,2025-12-04,15,2025-09-15,,,
C1010,User_11,9724915369,user11@example.com,5946,2189,City_19,1328.33,1851.88,758,closed,L874304c8,25000.0,3597.39,2083.33,2025-12-08,active,499,2025-08-23,21,1958.66,2025-12-12,11,2025-10-07,,,
C1011,User_12,9647095178,user12@example.com,1777,5341,City_46,1079.5,2333.38,519,closed,Ld469899b,10000.0,1444.71,416.67,2025-12-05,overdue,99,2025-08-29,12,481.2,2025-11-23,13,2025-09-20,,,
C1012,User_13,9282740915,user13@example.com,0470,4014,City_42,1687.53,1500.23,641,closed,Le39f7e8b,25000.0,2926.45,4166.67,2025-11-23,active,199,2025-09-01,21,1118.61,2025-11-25,14,2025-08-25,,,
C1013,User_14,9830500290,user14@example.com,0512,5697,City_18,1265.94,943.68,760,active,,0.0,0.0,0.0,,,99,2025-09-25,18,760.03,2025-11-25,11,2025-11-13,,,
C1014,User_15,9109795590,user15@example.com,7228,6610,City_12,1403.06,734.67,428,active,,0.0,0.0,0.0,,,149,2025-08-23,23,1533.08,2025-12-03,11,2025-08-31,,,
C1015,User_16,9735385209,user16@example.com,6494,4427,City_12,1819.13,758.65,639,suspended,L4850a396,5000.0,4030.76,416.67,2025-11-28,active,149,2025-11-05,5,1370.99,2025-11-27,7,2025-09-05,,,
C1016,User_17,9491036574,user17@example.com,2359,4270,City_47,1458.83,972.56,733,closed,,0.0,0.0,0.0,,,399,2025-08-30,7,45.02,2025-12-06,10,2025-11-12,,,
C1017,User_18,9146493139,user18@example.com,2199,9440,City_15,243.76,2486.77,861,suspended,,0.0,0.0,0.0,,,299,2025-10-24,2,813.03,2025-12-16,3,2025-10-05,,,
C1018,User_19,9651316013,user19@example.com,8620,9931,City_5,1890.42,1218.66,421,closed,,0.0,0.0,0.0,,,599,2025-09-04,11,945.42,2025-12-02,0,2025-09-25,,,
C1019,User_20,9753959615,user20@example.com,7611,1769,City_20,1963.28,4121.02,318,suspended,Le3cd2032,20000.0,15981.49,555.56,2025-12-02,active,199,2025-09-04,26,1465.22,2025-12-10,11,2025-10-14,,,
C1020,User_21,9073787795,user21@example.com,3401,7796,City_11,1785.56,4426.59,763,closed,,0.0,0.0,0.0,,,199,2025-09-12,3,76.16,2025-12-07,8,2025-10-16,,,
C1021,User_22,9709599435,user22@example.com,1728,2859,City_21,1618.46,2918.81,470,suspended,,0.0,0.0,0.0,,,499,2025-09-23,12,1357.09,2025-12-14,2,2025-10-26,,,
C1022,User_23,9135277670,user23@example.com,2045,4976,City_17,236.53,4289.07,791,closed,Lcec28198,20000.0,16387.87,555.56,2025-12-02,active,99,2025-09-30,28,1237.22,2025-12-18,15,2025-11-16,,,
C1023,User_24,9441000339,user24@example.com,8157,3589,City_20,518.77,3031.81,636,active,,0.0,0.0,0.0,,,49,2025-08-24,6,234.13,2025-12-04,4,2025-09-12,,,
C1024,User_25,9881404580,user25@example.com,5659,7123,City_32,725.64,4659.31,505,active,Lb1464518,20000.0,1036.71,1666.67,2025-12-04,active,299,2025-09-02,22,1277.55,2025-11-25,14,2025-10-18,,,
C1025,User_26,9744708521,user26@example.com,4500,4327,City_30,1203.05,584.35,788,closed,,0.0,0.0,0.0,,,399,2025-09-17,3,1834.72,2025-12-10,12,2025-08-29,,,
C1026,User_27,9284333779,user27@example.com,6143,3832,City_49,534.12,3046.87,399,active,L04f52d60,20000.0,2624.44,2000.0,2025-11-19,active,499,2025-08-25,7,223.82,2025-11-19,5,2025-08-29,,,
C1027,User_28,9738400547,user28@example.com,2544,0250,City_32,945.38,1556.87,824,active,,0.0,0.0,0.0,,,399,2025-10-14,14,650.4,2025-11-29,11,2025-09-30,,,
C1028,User_29,9365177390,user29@example.com,8125,6914,City_12,1802.67,328.89,458,suspended,L491c7726,20000.0,17579.31,1666.67,2025-11-27,active,499,2025-09-04,9,563.7,2025-11-30,13,2025-11-16,,,
C1029,User_30,9718415567,user30@example.com,4183,9113,City_41,939.53,1058.68,797,closed,,0.0,0.0,0.0,,,149,2025-09-10,16,322.44,2025-12-07,14,2025-09-04,,,
C1030,User_31,9798851490,user31@example.com,3576,3429,City_27,133.34,2389.11,846,closed,L0f284dac,25000.0,5769.87,1041.67,2025-11-21,active,99,2025-11-16,10,1957.9,2025-12-17,6,2025-09-30,,,
C1031,User_32,9739197554,user32@example.com,4518,8994,City_32,1486.82,1511.96,516,active,,0.0,0.0,0.0,,,49,2025-09-19,10,265.21,2025-11-26,2,2025-09-09,CMP10031,open,2025-01-14
C1032,User_33,9876593696,user33@example.com,2459,7803,City_12,397.07,860.64,633,closed,,0.0,0.0,0.0,,,299,2025-10-09,2,1061.15,2025-11-25,10,2025-11-01,,,
C1033,User_34,9164733809,user34@example.com,0226,1953,City_39,1784.46,662.12,532,closed,,0.0,0.0,0.0,,,49,2025-10-24,23,1503.13,2025-11-22,12,2025-10-22,,,
C1034,User_35,9158918259,user35@example.com,1232,7598,City_36,1356.82,1578.36,690,active,Le4c05929,20000.0,5863.3,555.56,2025-11-22,completed,599,2025-11-10,5,1252.14,2025-12-06,0,2025-09-07,,,
C1035,User_36,9139295304,user36@example.com,6896,1735,City_16,1310.87,803.45,719,closed,,0.0,0.0,0.0,,,299,2025-09-15,1,462.21,2025-11-27,10,2025-09-30,,,
C1036,User_37,9203349850,user37@example.com,8591,4754,City_20,29.32,946.26,657,closed,,0.0,0.0,0.0,,,49,2025-08-26,18,558.26,2025-12-04,7,2025-09-01,,,
C1037,User_38,9934929382,user38@example.com,5820,2589,City_13,1122.76,2760.85,379,closed,,0.0,0.0,0.0,,,599,2025-09-20,23,1876.24,2025-11-23,6,2025-09-17,,,
C1038,User_39,9828748743,user39@example.com,4163,6064,City_30,1661.03,3368.14,372,active,,0.0,0.0,0.0,,,299,2025-10-23,8,372.41,2025-12-01,15,2025-11-11,,,
C1039,User_40,9551600700,user40@example.com,5190,9394,City_42,1629.2,3496.29,632,suspended,L82670791,15000.0,4755.49,625.0,2025-11-20,overdue,499,2025-10-05,19,303.08,2025-11-20,13,2025-09-23,,,
C1040,User_41,9170149348,user41@example.com,6202,3995,City_9,679.9,835.33,563,closed,,0.0,0.0,0.0,,,199,2025-10-18,27,102.27,2025-12-18,1,2025-09-27,,,
C1041,User_42,9583460325,user42@example.com,3240,1034,City_20,461.28,4561.49,514,active,,0.0,0.0,0.0,,,149,2025-10-18,7,1326.26,2025-12-03,5,2025-09-05,,,
C1042,User_43,9812281490,user43@example.com,1902,4885,City_40,1467.43,1126.95,838,closed,L7a6d9899,25000.0,6030.62,2083.33,2025-12-12,active,599,2025-10-02,26,1974.67,2025-12-02,10,2025-10-13,,,
C1043,User_44,9483884961,user44@example.com,1808,7772,City_39,773.12,3379.73,596,active,,0.0,0.0,0.0,,,49,2025-09-23,7,941.61,2025-12-03,8,2025-08-24,,,
C1044,User_45,9289837265,user45@example.com,5502,0107,City_7,777.39,3199.68,718,active,,0.0,0.0,0.0,,,49,2025-10-21,16,562.74,2025-12-18,5,2025-10-27,,,
C1045,User_46,9113835094,user46@example.com,1565,1383,City_13,1139.94,3898.93,721,active,Lc3f98657,20000.0,18901.44,1666.67,2025-11-20,active,149,2025-11-17,13,1069.75,2025-12-12,12,2025-11-16,,,
C1046,User_47,9217800078,user47@example.com,6090,2708,City_37,156.78,1255.85,771,active,,0.0,0.0,0.0,,,99,2025-09-06,26,390.51,2025-12-16,6,2025-09-17,,,
C1047,User_48,9976532412,user48@example.com,3469,2672,City_43,131.17,4369.5,348,active,Lab7d856c,15000.0,8892.61,416.67,2025-11-26,active,599,2025-10-22,23,1846.03,2025-12-10,2,2025-10-08,,,
C1048,User_49,9374577000,user49@example.com,1830,6862,City_11,113.95,4958.48,564,closed,,0.0,0.0,0.0,,,99,2025-09-13,12,67.41,2025-11-19,7,2025-09-26,,,
C1049,User_50,9530367122,user50@example.com,7793,2458,City_49,1326.73,4682.05,417,closed,,0.0,0.0,0.0,,,599,2025-11-03,26,340.6,2025-12-16,13,2025-10-05,,,
C1050,User_51,9299321628,user51@example.com,0450,9726,City_10,757.73,2463.02,807,closed,,0.0,0.0,0.0,,,149,2025-09-22,6,610.68,2025-11-23,14,2025-11-12,,,
C1051,User_52,9040622270,user52@example.com,4839,9362,City_12,1614.13,3901.52,819,active,,0.0,0.0,0.0,,,299,2025-10-10,19,1368.62,2025-12-12,15,2025-08-22,,,
C1052,User_53,9224268316,user53@example.com,4828,4551,City_44,1028.89,3678.43,878,active,,0.0,0.0,0.0,,,599,2025-10-10,27,1921.45,2025-11-24,2,2025-10-26,CMP10052,in_progress,2024-11-05
C1053,User_54,9725541402,user54@example.com,2712,3838,City_50,362.73,4739.34,897,closed,,0.0,0.0,0.0,,,49,2025-09-14,1,1810.02,2025-11-30,10,2025-11-16,,,
C1054,User_55,9118206544,user55@example.com,8651,5477,City_19,1453.0,2903.13,344,active,Lad92ae3f,5000.0,1752.58,416.67,2025-12-08,completed,599,2025-09-09,21,137.16,2025-12-03,3,2025-11-07,,,
C1055,User_56,9199867952,user56@example.com,1061,2033,City_35,686.55,3664.35,642,active,,0.0,0.0,0.0,,,299,2025-10-14,18,311.27,2025-11-24,8,2025-09-19,,,
C1056,User_57,9802535988,user57@example.com,8361,4073,City_27,1269.14,2588.8,476,suspended,L22de9320,25000.0,15615.48,694.44,2025-11-27,active,49,2025-10-20,1,1190.25,2025-11-22,7,2025-08-25,,,
C1057,User_58,9383647952,user58@example.com,0880,9526,City_12,1978.77,959.85,477,suspended,,0.0,0.0,0.0,,,299,2025-08-28,9,1100.51,2025-12-08,8,2025-09-19,,,
C1058,User_59,9958939909,user59@example.com,5795,7762,City_34,114.71,1047.34,550,closed,,0.0,0.0,0.0,,,599,2025-09-08,19,1650.95,2025-12-18,13,2025-11-04,,,
C1059,User_60,9641499385,user60@example.com,1516,6393,City_22,1533.06,2469.41,589,closed,L15cb1a93,20000.0,10483.66,833.33,2025-11-23,active,499,2025-10-21,19,125.59,2025-12-11,7,2025-11-05,,,
C1060,User_61,9716003508,user61@example.com,9036,2484,City_12,1843.13,3807.69,598,active,Le5fa6d98,5000.0,4850.94,208.33,2025-12-14,active,49,2025-10-24,22,672.22,2025-12-03,13,2025-09-12,,,
C1061,User_62,9598782101,user62@example.com,0448,3264,City_35,1909.52,2486.35,719,active,L88590b0d,20000.0,4321.99,1666.67,2025-11-30,completed,99,2025-09-28,26,1296.56,2025-11-23,5,2025-10-07,,,
C1062,User_63,9449920496,user63@example.com,0690,8235,City_47,27.33,3631.62,653,active,L17a5cfbb,15000.0,13778.77,625.0,2025-12-18,completed,49,2025-09-24,7,911.71,2025-11-19,10,2025-09-13,,,
C1063,User_64,9828904662,user64@example.com,1899,3063,City_10,711.27,3216.42,724,active,,0.0,0.0,0.0,,,399,2025-10-29,3,591.62,2025-11-19,9,2025-11-14,,,
C1064,User_65,9968019702,user65@example.com,3298,6908,City_41,1534.54,1569.67,878,suspended,,0.0,0.0,0.0,,,199,2025-11-05,9,871.18,2025-11-29,7,2025-10-15,,,
C1065,User_66,9911587374,user66@example.com,0880,9533,City_14,1606.17,4195.1,742,active,,0.0,0.0,0.0,,,599,2025-10-09,2,1509.43,2025-12-08,6,2025-10-04,,,
C1066,User_67,9711808804,user67@example.com,8251,8649,City_8,880.45,2622.69,559,suspended,Ldefadc50,20000.0,19993.58,2000.0,2025-12-16,completed,149,2025-10-05,14,1830.73,2025-11-29,15,2025-10-04,,,
C1067,User_68,9636332421,user68@example.com,1910,6620,City_46,1532.99,3381.69,417,active,,0.0,0.0,0.0,,,149,2025-11-11,14,838.04,2025-12-04,15,2025-09-10,,,
C1068,User_69,9821507985,user69@example.com,3333,5039,City_5,128.34,3106.35,644,suspended,,0.0,0.0,0.0,,,499,2025-09-24,21,1758.65,2025-12-01,8,2025-11-16,,,
C1069,User_70,9249529239,user70@example.com,3006,3210,City_29,156.98,2530.92,362,active,L2b9a2450,10000.0,5961.02,833.33,2025-12-03,overdue,49,2025-11-18,14,1275.82,2025-12-02,14,2025-10-22,,,
C1070,User_71,9557581558,user71@example.com,6446,3886,City_38,1341.19,3253.05,587,active,,0.0,0.0,0.0,,,199,2025-08-20,14,1782.33,2025-12-14,8,2025-09-11,,,
C1071,User_72,9482895442,user72@example.com,9275,7723,City_10,328.18,2040.2,477,active,,0.0,0.0,0.0,,,199,2025-09-06,28,1793.55,2025-12-15,12,2025-09-19,,,
C1072,User_73,9125454270,user73@example.com,6884,6907,City_43,1742.54,575.5,556,closed,L92311ed6,20000.0,12043.95,555.56,2025-12-09,active,49,2025-09-27,17,1065.98,2025-12-13,4,2025-10-20,,,
C1073,User_74,9049702015,user74@example.com,8975,4523,City_39,1730.92,4079.88,408,suspended,,0.0,0.0,0.0,,,49,2025-10-29,11,486.51,2025-11-21,12,2025-10-18,,,
C1074,User_75,9886248879,user75@example.com,3114,7430,City_49,318.71,270.54,625,closed,,0.0,0.0,0.0,,,199,2025-09-29,25,1449.18,2025-12-12,13,2025-10-09,,,
C1075,User_76,9199477505,user76@example.com,6301,8081,City_50,509.26,3168.9,469,active,,0.0,0.0,0.0,,,399,2025-09-18,12,1240.77,2025-11-30,8,2025-09-02,,,
C1076,User_77,9649133941,user77@example.com,3889,9663,City_34,221.64,3870.26,768,closed,L7c5544dc,10000.0,8482.07,1000.0,2025-12-13,active,149,2025-08-22,5,483.0,2025-12-09,2,2025-10-11,,,
C1077,User_78,9343209044,user78@example.com,7814,8358,City_4,708.69,4866.1,408,suspended,,0.0,0.0,0.0,,,149,2025-09-15,22,1420.67,2025-11-21,8,2025-09-05,,,
C1078,User_79,9708498521,user79@example.com,2535,3701,City_40,22.44,3922.85,302,suspended,,0.0,0.0,0.0,,,149,2025-11-13,10,1011.6,2025-11-25,12,2025-09-13,,,
C1079,User_80,9585856760,user80@example.com,7432,4250,City_47,1362.27,434.87,832,closed,,0.0,0.0,0.0,,,199,2025-10-10,21,185.44,2025-11-20,7,2025-10-26,,,
C1080,User_81,9256922293,user81@example.com,6761,7664,City_28,1867.33,4240.34,441,suspended,Lc7771ee8,20000.0,15028.12,3333.33,2025-12-07,overdue,599,2025-11-04,6,1852.67,2025-11-22,2,2025-10-31,,,
C1081,User_82,9166556673,user82@example.com,1707,7705,City_5,405.83,2261.3,759,suspended,,0.0,0.0,0.0,,,499,2025-09-06,6,808.65,2025-12-18,7,2025-08-30,,,
C1082,User_83,9618066058,user83@example.com,2511,3387,City_18,663.62,1522.73,578,closed,,0.0,0.0,0.0,,,149,2025-09-30,18,1342.32,2025-11-24,12,2025-08-29,,,
C1083,User_84,9286831346,user84@example.com,1520,0376,City_49,712.52,3540.23,726,closed,,0.0,0.0,0.0,,,299,2025-11-12,22,736.73,2025-12-01,14,2025-10-29,,,
C1084,User_85,9538360423,user85@example.com,2212,2727,City_18,240.04,4371.0,320,active,La773d6d3,5000.0,1588.54,500.0,2025-11-24,completed,49,2025-09-23,9,1310.65,2025-12-18,12,2025-09-17,,,
C1085,User_86,9114757316,user86@example.com,8327,0519,City_12,1341.16,98.42,889,closed,,0.0,0.0,0.0,,,299,2025-09-24,10,1611.91,2025-11-19,11,2025-10-19,,,
C1086,User_87,9565661432,user87@example.com,5424,2416,City_12,1939.78,4761.82,501,suspended,,0.0,0.0,0.0,,,99,2025-10-28,13,711.86,2025-11-27,7,2025-08-20,,,
C1087,User_88,9416737427,user88@example.com,2326,6418,City_40,1252.04,4668.14,852,active,,0.0,0.0,0.0,,,49,2025-09-29,15,294.52,2025-12-02,5,2025-10-12,,,
C1088,User_89,9007254837,user89@example.com,7231,2552,City_41,1346.01,2739.72,838,closed,Lc7aec89f,5000.0,541.58,500.0,2025-11-22,active,199,2025-11-15,19,1860.28,2025-11-28,3,2025-10-07,,,
C1089,User_90,9851049757,user90@example.com,0875,6590,City_48,1691.31,2157.21,526,active,,0.0,0.0,0.0,,,149,2025-10-04,5,130.58,2025-12-10,10,2025-09-22,,,
C1090,User_91,9827662039,user91@example.com,3724,4422,City_6,743.0,720.72,353,suspended,,0.0,0.0,0.0,,,49,2025-11-06,26,439.89,2025-11-19,7,2025-11-02,,,
C1091,User_92,9160312076,user92@example.com,3765,9951,City_42,853.73,4933.01,589,active,,0.0,0.0,0.0,,,599,2025-08-25,18,898.06,2025-11-27,11,2025-09-10,,,
C1092,User_93,9692077893,user93@example.com,3462,5856,City_47,969.06,4347.59,306,suspended,L06614cc7,15000.0,4069.71,1250.0,2025-12-01,completed,599,2025-09-24,23,811.88,2025-12-02,10,2025-11-16,,,
C1093,User_94,9643619052,user94@example.com,7636,5886,City_46,1925.76,1110.81,856,closed,,0.0,0.0,0.0,,,99,2025-11-15,11,880.58,2025-12-07,10,2025-09-10,,,
C1094,User_95,9107915040,user95@example.com,4374,0630,City_28,512.68,1683.43,891,suspended,Lce1a61ef,25000.0,4457.98,1041.67,2025-12-01,completed,299,2025-11-16,24,851.58,2025-12-08,1,2025-10-02,,,
C1095,User_96,9213210618,user96@example.com,2708,6548,City_49,1559.45,601.37,479,active,,0.0,0.0,0.0,,,399,2025-10-07,21,1555.18,2025-12-02,1,2025-10-30,,,
C1096,User_97,9744572604,user97@example.com,4642,8892,City_12,1087.66,45.3,626,closed,Le0ec0929,15000.0,2445.88,2500.0,2025-12-12,completed,599,2025-09-22,14,616.94,2025-12-15,14,2025-09-27,,,
C1097,User_98,9091810938,user98@example.com,2929,9769,City_4,183.21,3640.14,613,active,,0.0,0.0,0.0,,,599,2025-09-19,23,519.6,2025-12-12,5,2025-10-20,,,
C1098,User_99,9325894958,user99@example.com,4934,2748,City_43,1666.05,4097.68,824,active,Lc3b8e2fc,10000.0,141.29,1666.67,2025-11-19,overdue,399,2025-08-24,4,244.23,2025-12-15,11,2025-09-25,,,
C1099,User_100,9248793731,user100@example.com,8259,5568,City_39,376.97,3138.77,492,active,,0.0,0.0,0.0,,,399,2025-09-24,28,1527.1,2025-12-04,6,2025-11-05,,,
C1100,User_101,9588009002,user101@example.com,6126,7424,City_25,800.41,823.48,822,suspended,,0.0,0.0,0.0,,,299,2025-10-18,11,1413.97,2025-11-19,2,2025-08-23,,,
C1101,User_102,9694372349,user102@example.com,3880,1870,City_29,1678.94,3736.65,449,closed,,0.0,0.0,0.0,,,149,2025-09-04,5,1409.53,2025-11-24,4,2025-09-20,,,
C1102,User_103,9356978253,user103@example.com,5190,9152,City_34,1790.52,3577.67,502,active,,0.0,0.0,0.0,,,149,2025-09-05,2,520.27,2025-12-11,9,2025-11-09,,,
C1103,User_104,9009671324,user104@example.com,0785,2819,City_19,1583.1,1762.97,421,closed,,0.0,0.0,0.0,,,149,2025-11-06,15,728.25,2025-11-21,13,2025-09-24,,,
C1104,User_105,9915885412,user105@example.com,1503,9014,City_35,243.62,3554.07,737,closed,,0.0,0.0,0.0,,,499,2025-09-15,14,1842.25,2025-12-08,14,2025-09-02,,,
C1105,User_106,9086829177,user106@example.com,2908,7552,City_23,1883.79,4329.48,410,suspended,,0.0,0.0,0.0,,,499,2025-11-12,2,1929.26,2025-12-17,4,2025-11-18,,,
C1106,User_107,9219563138,user107@example.com,6775,8373,City_30,505.95,1647.61,682,suspended,Lec30132a,10000.0,1397.52,1000.0,2025-11-27,overdue,299,2025-09-24,4,1203.13,2025-11-20,15,2025-11-07,,,
C1107,User_108,9202579241,user108@example.com,1664,2569,City_37,1501.79,4912.02,330,suspended,,0.0,0.0,0.0,,,399,2025-11-13,1,1125.28,2025-12-07,13,2025-09-07,,,
C1108,User_109,9305962160,user109@example.com,2621,5826,City_10,100.72,2546.69,772,active,,0.0,0.0,0.0,,,149,2025-08-26,22,1068.73,2025-12-03,10,2025-09-24,,,
C1109,User_110,9252250040,user110@example.com,1945,7343,City_36,1763.97,74.5,764,closed,,0.0,0.0,0.0,,,149,2025-08-23,9,233.74,2025-12-03,12,2025-11-05,,,
C1110,User_111,9344918993,user111@example.com,6331,9790,City_30,1437.37,2883.49,635,suspended,,0.0,0.0,0.0,,,399,2025-09-14,28,831.26,2025-12-12,5,2025-09-05,,,
C1111,User_112,9989303340,user112@example.com,8164,4725,City_34,671.17,3062.8,409,closed,,0.0,0.0,0.0,,,149,2025-08-29,2,1289.64,2025-12-05,14,2025-10-27,,,
C1112,User_113,9541842924,user113@example.com,6382,2960,City_24,772.03,1889.93,834,closed,,0.0,0.0,0.0,,,199,2025-10-13,11,1083.14,2025-12-07,12,2025-08-28,,,
C1113,User_114,9168148454,user114@example.com,5889,8719,City_3,175.71,2061.84,635,closed,,0.0,0.0,0.0,,,199,2025-09-26,14,1178.38,2025-12-06,9,2025-10-09,,,
C1114,User_115,9964879579,user115@example.com,0125,5912,City_9,1968.98,3344.02,559,suspended,,0.0,0.0,0.0,,,299,2025-10-05,15,1413.35,2025-11-28,4,2025-08-30,,,
C1115,User_116,9810044968,user116@example.com,8221,9765,City_48,707.22,4218.83,859,suspended,,0.0,0.0,0.0,,,99,2025-11-10,21,1194.31,2025-12-18,8,2025-09-16,,,
C1116,User_117,9195456605,user117@example.com,7331,2602,City_2,1457.23,2640.48,838,active,L8afb47ed,10000.0,7138.57,833.33,2025-12-07,overdue,149,2025-10-11,13,1076.42,2025-12-16,10,2025-10-20,,,
C1117,User_118,9622896790,user118@example.com,5894,9845,City_21,1095.31,300.02,708,suspended,,0.0,0.0,0.0,,,199,2025-09-30,24,322.13,2025-12-11,7,2025-09-16,,,
C1118,User_119,9351997846,user119@example.com,5653,2644,City_47,83.42,4039.76,469,suspended,L722c7502,5000.0,4540.96,138.89,2025-11-27,completed,299,2025-09-13,7,1616.49,2025-12-18,2,2025-10-10,,,
C1119,User_120,9107586558,user120@example.com,3411,4325,City_10,1720.76,749.0,724,active,Ladec13c0,20000.0,10375.91,1666.67,2025-12-17,completed,599,2025-10-06,19,1951.74,2025-11-20,0,2025-10-27,,,
C1120,User_121,9751125780,user121@example.com,2941,0667,City_13,774.75,1878.62,898,suspended,,0.0,0.0,0.0,,,299,2025-11-03,20,1641.33,2025-12-14,3,2025-09-01,,,
C1121,User_122,9142543347,user122@example.com,3406,3271,City_41,861.32,2061.92,636,suspended,,0.0,0.0,0.0,,,99,2025-11-02,6,1137.01,2025-12-09,7,2025-08-21,,,
C1122,User_123,9509812670,user123@example.com,7206,5751,City_40,426.97,2248.46,445,closed,,0.0,0.0,0.0,,,149,2025-09-26,13,1258.28,2025-12-14,7,2025-11-05,,,
C1123,User_124,9446909702,user124@example.com,0090,2945,City_50,293.24,1405.99,555,suspended,,0.0,0.0,0.0,,,599,2025-10-12,19,298.48,2025-11-20,7,2025-11-04,,,
C1124,User_125,9562533784,user125@example.com,2378,7715,City_19,58.66,4919.0,437,suspended,,0.0,0.0,0.0,,,499,2025-10-18,26,1656.2,2025-12-02,3,2025-09-17,,,
C1125,User_126,9157799855,user126@example.com,3324,5082,City_18,582.45,2862.25,882,suspended,,0.0,0.0,0.0,,,599,2025-10-19,18,698.31,2025-11-27,0,2025-08-22,,,
C1126,User_127,9715279523,user127@example.com,9046,1098,City_7,281.08,1827.23,748,suspended,L140e5258,15000.0,86.25,625.0,2025-12-08,overdue,599,2025-10-13,21,1662.24,2025-12-01,2,2025-10-06,,,
C1127,User_128,9420075892,user128@example.com,8376,2802,City_7,639.38,1195.96,451,suspended,,0.0,0.0,0.0,,,199,2025-10-08,7,589.59,2025-12-16,3,2025-09-30,,,
C1128,User_129,9175256834,user129@example.com,4777,0435,City_11,1410.58,3951.69,527,closed,,0.0,0.0,0.0,,,199,2025-08-28,3,926.79,2025-11-30,12,2025-10-25,,,
C1129,User_130,9601312552,user130@example.com,5536,1736,City_50,1781.59,3745.19,647,suspended,,0.0,0.0,0.0,,,49,2025-11-08,5,1903.62,2025-12-07,4,2025-09-01,,,
C1130,User_131,9264974381,user131@example.com,1091,5879,City_50,1433.87,4541.02,895,active,,0.0,0.0,0.0,,,499,2025-11-02,1,192.21,2025-12-08,15,2025-09-04,,,
C1131,User_132,9761919643,user132@example.com,7362,9628,City_3,422.9,3613.29,394,closed,,0.0,0.0,0.0,,,599,2025-11-13,1,801.18,2025-11-19,1,2025-09-15,,,
C1132,User_133,9390807731,user133@example.com,5759,2484,City_27,1832.93,3426.6,668,closed,,0.0,0.0,0.0,,,99,2025-10-28,1,1415.57,2025-12-18,2,2025-09-17,,,
C1133,User_134,9291147450,user134@example.com,4050,3408,City_16,1700.71,2316.63,694,active,L1cd6fbeb,5000.0,3091.98,416.67,2025-11-24,completed,99,2025-09-01,22,1811.52,2025-12-03,3,2025-11-03,,,
C1134,User_135,9797929324,user135@example.com,0787,0175,City_26,920.27,3962.86,796,suspended,,0.0,0.0,0.0,,,149,2025-11-14,22,895.03,2025-11-24,10,2025-11-06,,,
C1135,User_136,9547827524,user136@example.com,0583,7914,City_36,1396.5,4712.51,675,active,,0.0,0.0,0.0,,,299,2025-10-29,11,914.61,2025-12-01,7,2025-11-12,,,
C1136,User_137,9448982084,user137@example.com,4401,5790,City_48,1731.08,1853.17,609,closed,,0.0,0.0,0.0,,,49,2025-10-24,24,845.44,2025-11-24,4,2025-11-10,,,
C1137,User_138,9753481136,user138@example.com,9018,7015,City_21,990.17,1994.17,602,suspended,,0.0,0.0,0.0,,,299,2025-11-18,12,218.78,2025-12-17,13,2025-09-29,,,
C1138,User_139,9708385054,user139@example.com,8372,8982,City_31,1200.47,3278.12,348,closed,,0.0,0.0,0.0,,,499,2025-09-05,27,1365.62,2025-12-12,10,2025-10-24,,,
C1139,User_140,9199536405,user140@example.com,2476,9571,City_47,1042.4,4868.1,351,active,L65cc6a1c,15000.0,11700.99,1250.0,2025-11-19,completed,399,2025-10-09,9,224.9,2025-12-08,2,2025-11-15,,,
C1140,User_141,9301898077,user141@example.com,1787,2049,City_20,971.99,3785.28,387,closed,,0.0,0.0,0.0,,,299,2025-09-30,3,543.19,2025-11-25,13,2025-10-08,,,
C1141,User_142,9770552278,user142@example.com,3529,0794,City_34,275.29,910.02,592,suspended,L78a1d06c,15000.0,428.81,1500.0,2025-12-18,completed,149,2025-09-02,28,1039.22,2025-12-17,12,2025-08-30,,,
C1142,User_143,9740710862,user143@example.com,9882,0534,City_6,147.67,2946.08,382,closed,L6fac60a2,25000.0,3481.65,694.44,2025-11-25,overdue,199,2025-10-11,6,1543.51,2025-12-06,6,2025-08-20,,,
C1143,User_144,9238713951,user144@example.com,4929,3210,City_30,800.43,4333.95,654,active,,0.0,0.0,0.0,,,599,2025-11-13,2,99.66,2025-11-25,14,2025-09-10,CMP10143,in_progress,2025-04-25
C1144,User_145,9781697435,user145@example.com,5594,6618,City_22,510.0,2831.35,397,closed,,0.0,0.0,0.0,,,199,2025-09-16,3,147.49,2025-12-14,2,2025-08-21,,,
C1145,User_146,9803454777,user146@example.com,3327,5736,City_18,543.15,3817.2,837,active,,0.0,0.0,0.0,,,599,2025-11-14,7,34.16,2025-12-10,4,2025-10-03,,,
C1146,User_147,9162494626,user147@example.com,4823,0178,City_5,405.36,2717.07,331,suspended,,0.0,0.0,0.0,,,499,2025-08-28,22,411.92,2025-11-24,10,2025-08-29,,,
C1147,User_148,9198869716,user148@example.com,2342,0365,City_21,1999.97,4870.06,845,active,,0.0,0.0,0.0,,,299,2025-11-07,26,1901.56,2025-11-19,9,2025-09-18,,,
C1148,User_149,9898503533,user149@example.com,6382,8968,City_10,1384.7,68.32,396,suspended,,0.0,0.0,0.0,,,49,2025-10-02,2,1120.88,2025-12-05,14,2025-08-31,,,
C1149,User_150,9469749032,user150@example.com,7860,4710,City_36,390.73,2394.8,523,closed,L03fd9fff,5000.0,1681.02,138.89,2025-11-30,active,149,2025-09-29,22,822.41,2025-11-20,6,2025-11-15,,,
C1150,User_151,9237509784,user151@example.com,1595,1566,City_37,1628.46,1095.15,688,closed,Lf93a60fa,20000.0,466.66,3333.33,2025-12-08,active,599,2025-10-12,3,1170.1,2025-11-30,5,2025-10-28,,,
C1151,User_152,9683127161,user152@example.com,1561,2356,City_19,989.81,889.13,489,closed,,0.0,0.0,0.0,,,149,2025-08-20,24,1550.01,2025-12-02,13,2025-11-09,,,
C1152,User_153,9928931710,user153@example.com,6395,6013,City_30,705.95,3745.46,476,active,,0.0,0.0,0.0,,,499,2025-10-27,25,1349.84,2025-11-22,2,2025-10-02,,,
C1153,User_154,9252089144,user154@example.com,7850,5159,City_29,1394.66,1302.49,856,closed,L7b7dcce5,25000.0,24739.35,1041.67,2025-12-18,overdue,499,2025-10-18,19,62.62,2025-12-16,4,2025-08-23,,,
C1154,User_155,9877783849,user155@example.com,8053,7763,City_5,436.95,2133.95,622,closed,,0.0,0.0,0.0,,,599,2025-10-15,24,951.17,2025-12-14,15,2025-10-06,,,
C1155,User_156,9763392460,user156@example.com,9237,7326,City_24,241.08,1651.12,496,active,Lbdc1324a,10000.0,1820.17,1000.0,2025-12-13,completed,199,2025-09-01,25,1822.89,2025-12-09,7,2025-09-12,,,
C1156,User_157,9956395441,user157@example.com,4931,4951,City_20,321.78,1077.9,324,suspended,La7eb4f51,15000.0,7789.81,2500.0,2025-12-01,completed,149,2025-09-06,3,735.53,2025-11-28,3,2025-09-29,,,
C1157,User_158,9408881822,user158@example.com,5113,3406,City_3,685.05,2102.99,329,suspended,Lcb01ea1b,10000.0,4294.47,833.33,2025-12-10,active,499,2025-08-27,23,47.31,2025-12-10,3,2025-11-04,,,
C1158,User_159,9304374814,user159@example.com,5997,3534,City_19,1926.7,2290.14,498,active,Lf1ab93e4,20000.0,10224.19,2000.0,2025-11-20,overdue,149,2025-09-01,16,1620.02,2025-12-11,3,2025-11-01,,,
C1159,User_160,9930747138,user160@example.com,3645,5373,City_43,372.08,2249.31,693,active,L88e26813,20000.0,1783.03,1666.67,2025-11-21,active,49,2025-10-12,15,498.93,2025-12-18,12,2025-10-13,,,
C1160,User_161,9112313521,user161@example.com,1023,8846,City_8,914.82,1114.94,809,active,,0.0,0.0,0.0,,,149,2025-08-27,11,1830.61,2025-11-30,3,2025-11-13,,,
C1161,User_162,9012235939,user162@example.com,7943,6339,City_14,778.98,3505.08,627,active,L84bfa991,5000.0,3363.49,833.33,2025-12-05,overdue,499,2025-08-27,16,1198.7,2025-11-23,15,2025-09-11,,,
C1162,User_163,9688278237,user163@example.com,1955,9436,City_47,1086.29,1681.88,589,closed,L05df30ca,15000.0,10077.6,625.0,2025-11-29,active,49,2025-10-03,3,1395.17,2025-12-05,5,2025-10-16,,,
C1163,User_164,9695429713,user164@example.com,5610,7727,City_33,1550.43,641.39,663,suspended,,0.0,0.0,0.0,,,399,2025-08-27,16,1820.05,2025-12-01,2,2025-09-14,,,
C1164,User_165,9925356721,user165@example.com,2041,5213,City_21,610.77,4882.69,453,closed,,0.0,0.0,0.0,,,599,2025-08-22,21,285.8,2025-11-25,12,2025-09-12,,,
C1165,User_166,9712074871,user166@example.com,2264,1536,City_23,1574.43,4966.17,762,suspended,,0.0,0.0,0.0,,,49,2025-11-13,13,1775.41,2025-11-22,5,2025-09-27,,,
C1166,User_167,9293536596,user167@example.com,5581,5297,City_6,425.7,3171.64,332,closed,,0.0,0.0,0.0,,,299,2025-09-03,5,1516.88,2025-12-13,1,2025-10-22,,,
C1167,User_168,9363604219,user168@example.com,4754,6420,City_16,1891.46,4613.85,466,closed,,0.0,0.0,0.0,,,99,2025-09-20,17,1787.91,2025-12-08,3,2025-11-09,,,
C1168,User_169,9468958571,user169@example.com,2213,2880,City_42,1687.15,2436.38,844,active,L168139d1,25000.0,24603.28,4166.67,2025-11-24,completed,299,2025-11-08,2,133.79,2025-12-15,9,2025-10-23,,,
C1169,User_170,9556727575,user170@example.com,2267,6685,City_4,482.39,4161.94,707,suspended,,0.0,0.0,0.0,,,149,2025-08-30,14,181.15,2025-11-25,13,2025-10-11,,,
C1170,User_171,9862818331,user171@example.com,8797,3992,City_36,803.27,4249.67,645,active,Ld95a20ad,10000.0,7693.37,1000.0,2025-12-17,overdue,399,2025-11-16,7,1621.1,2025-12-10,9,2025-10-16,,,
C1171,User_172,9778155948,user172@example.com,7974,1572,City_30,1627.92,4754.49,586,active,,0.0,0.0,0.0,,,399,2025-08-20,6,1417.33,2025-11-22,2,2025-10-05,,,
C1172,User_173,9823576573,user173@example.com,8787,6826,City_42,1394.48,2411.14,464,closed,,0.0,0.0,0.0,,,199,2025-11-12,1,520.57,2025-11-28,6,2025-10-14,,,
C1173,User_174,9131795544,user174@example.com,4290,1829,City_1,667.84,4888.51,846,closed,L36b70aee,10000.0,396.66,833.33,2025-11-19,overdue,599,2025-10-25,15,840.67,2025-12-10,15,2025-11-02,,,
C1174,User_175,9012265203,user175@example.com,3742,4667,City_39,707.97,3217.82,535,suspended,L88788bee,10000.0,8653.32,1000.0,2025-12-05,active,399,2025-09-13,8,247.47,2025-12-02,9,2025-09-08,,,
C1175,User_176,9196055495,user176@example.com,1268,9363,City_37,624.83,216.2,598,suspended,,0.0,0.0,0.0,,,299,2025-08-29,6,290.86,2025-11-28,14,2025-11-10,,,
C1176,User_177,9798897945,user177@example.com,1862,0139,City_19,509.13,1643.87,698,closed,,0.0,0.0,0.0,,,299,2025-10-15,12,593.42,2025-12-10,7,2025-10-09,,,
C1177,User_178,9110274834,user178@example.com,1117,6997,City_32,15.78,2009.06,639,suspended,,0.0,0.0,0.0,,,599,2025-11-12,3,711.62,2025-11-19,10,2025-09-03,,,
C1178,User_179,9430831047,user179@example.com,9106,9904,City_24,608.46,1191.36,743,active,,0.0,0.0,0.0,,,199,2025-08-30,15,855.49,2025-11-23,8,2025-09-05,,,
C1179,User_180,9280176454,user180@example.com,4285,7358,City_35,427.41,4796.25,487,suspended,,0.0,0.0,0.0,,,149,2025-11-06,11,141.27,2025-11-30,5,2025-09-13,,,
C1180,User_181,9336474415,user181@example.com,6880,5689,City_12,1033.59,4405.04,484,active,,0.0,0.0,0.0,,,149,2025-09-16,16,1390.48,2025-12-14,7,2025-09-06,,,
C1181,User_182,9687225548,user182@example.com,9945,1911,City_32,987.62,2062.91,676,closed,,0.0,0.0,0.0,,,149,2025-10-06,10,168.95,2025-12-04,10,2025-10-01,,,
C1182,User_183,9171891647,user183@example.com,5249,8028,City_48,1509.28,4276.25,523,suspended,,0.0,0.0,0.0,,,99,2025-10-23,20,929.84,2025-12-16,4,2025-10-30,,,
C1183,User_184,9359279947,user184@example.com,1177,4839,City_36,89.75,3776.93,526,closed,L32eb0b38,20000.0,6083.49,1666.67,2025-11-24,overdue,99,2025-11-18,19,171.79,2025-11-30,11,2025-11-13,,,
C1184,User_185,9663257279,user185@example.com,8746,8043,City_39,932.86,1907.47,694,suspended,,0.0,0.0,0.0,,,99,2025-08-22,20,1035.54,2025-11-25,5,2025-10-12,,,
C1185,User_186,9082537904,user186@example.com,1719,1499,City_13,1483.8,2941.85,563,suspended,,0.0,0.0,0.0,,,99,2025-10-19,7,1493.44,2025-12-09,12,2025-10-13,,,
C1186,User_187,9316658727,user187@example.com,8058,1232,City_39,355.48,4259.11,683,active,L486daf0f,15000.0,9759.94,416.67,2025-11-26,overdue,499,2025-09-29,24,483.28,2025-11-23,5,2025-11-02,,,
C1187,User_188,9890615977,user188@example.com,5167,0871,City_17,1999.72,2970.76,505,active,L1389da2a,5000.0,2523.04,138.89,2025-11-30,completed,499,2025-10-19,4,1301.6,2025-11-24,12,2025-10-08,,,
C1188,User_189,9224112383,user189@example.com,0585,4356,City_41,644.41,1053.49,544,suspended,,0.0,0.0,0.0,,,149,2025-11-04,5,988.12,2025-11-28,8,2025-09-24,,,
C1189,User_190,9435278893,user190@example.com,8305,7911,City_28,1348.05,2655.62,632,suspended,,0.0,0.0,0.0,,,199,2025-10-05,23,1467.56,2025-12-08,8,2025-10-22,,,
C1190,User_191,9539972922,user191@example.com,8113,2726,City_3,1055.43,3849.22,510,suspended,,0.0,0.0,0.0,,,499,2025-09-26,11,1992.81,2025-11-29,14,2025-11-12,,,
C1191,User_192,9032397972,user192@example.com,0310,1108,City_5,1234.03,3804.39,326,suspended,L86a84cb4,25000.0,4938.07,4166.67,2025-12-09,completed,199,2025-09-15,15,153.02,2025-11-30,11,2025-10-16,,,
C1192,User_193,9977263250,user193@example.com,6573,0917,City_38,518.75,1676.15,340,suspended,,0.0,0.0,0.0,,,149,2025-08-28,11,1301.75,2025-12-03,7,2025-09-05,,,
C1193,User_194,9816612618,user194@example.com,9323,2659,City_12,983.2,4050.04,527,active,Le27a62a1,10000.0,6386.81,833.33,2025-11-20,overdue,49,2025-09-19,1,767.77,2025-11-25,14,2025-09-27,,,
C1194,User_195,9440543382,user195@example.com,4376,1121,City_37,1927.18,3385.96,583,suspended,,0.0,0.0,0.0,,,399,2025-09-24,24,904.21,2025-12-06,9,2025-10-01,,,
C1195,User_196,9631315441,user196@example.com,9948,6497,City_12,422.06,3058.07,875,suspended,Lbc9dd104,15000.0,1784.65,1250.0,2025-11-28,overdue,149,2025-10-03,1,246.42,2025-12-18,6,2025-09-16,,,
C1196,User_197,9543786696,user197@example.com,6812,2701,City_45,443.78,2551.65,540,closed,,0.0,0.0,0.0,,,199,2025-09-24,4,702.8,2025-12-08,14,2025-09-20,,,
C1197,User_198,9904534999,user198@example.com,8950,6825,City_50,136.93,200.49,547,closed,,0.0,0.0,0.0,,,99,2025-10-03,23,1846.77,2025-12-04,3,2025-11-09,,,
C1198,User_199,9817978892,user199@example.com,7773,6295,City_50,154.17,133.65,701,closed,,0.0,0.0,0.0,,,499,2025-09-02,16,1434.84,2025-12-13,15,2025-10-10,,,
C1199,User_200,9228343159,user200@example.com,1665,5260,City_42,1550.25,2137.95,732,closed,,0.0,0.0,0.0,,,499,2025-10-17,2,300.83,2025-12-06,0,2025-10-22,,,
